0,0,0,465,152,990,206
0,0,0,831,465,387,1150
1,1,1,950,39,495,1065
1,754,754,259,163,483,806
2,2,2,571,305,647,193
2,2,2,571,305,520,193
3,3,3,785,29,613,776
3,3,3,29,785,877,776
4,4,4,202,903,881,759
4,4,4,202,881,903,93
5,1005,1005,302,862,438,5
5,5,5,858,862,525,224
6,6,6,833,687,855,568
6,6,6,391,687,833,855
7,926,926,267,7,389,1055
7,7,7,628,47,271,375
8,8,8,240,1062,506,837
8,8,8,240,837,506,1062
9,9,9,195,420,558,27
9,9,9,195,583,786,856
10,10,10,370,365,103,145
10,224,224,10,370,353,145
11,11,11,570,1027,216,244
11,11,11,570,385,565,318
12,696,696,557,12,185,838
12,12,12,696,490,728,383
13,13,13,369,974,443,889
13,13,13,250,369,1070,848
14,665,665,150,14,820,687
14,14,14,955,1088,413,716
15,15,15,1080,1133,406,718
15,15,15,1080,1133,406,1119
16,16,16,392,1070,910,605
16,16,16,1070,910,605,923
17,17,17,971,105,1060,1104
17,17,17,971,163,259,1015
18,376,376,378,61,18,753
18,18,18,376,568,356,61
19,279,279,19,1057,49,156
19,498,498,683,904,839,585
20,20,20,162,907,0,444
20,20,20,162,444,907,1067
21,21,21,902,789,124,537
21,21,21,930,865,1014,386
22,22,22,276,396,795,349
22,22,22,396,591,419,276
23,23,23,1163,900,1148,408
23,769,769,57,45,338,334
24,24,24,1032,849,846,1083
24,24,24,987,1000,303,1003
25,25,25,278,817,335,480
25,335,335,25,790,278,817
26,26,26,930,865,818,1112
26,26,26,930,506,924,303
27,27,27,384,116,420,195
27,27,27,420,384,776,1031
28,642,642,839,438,433,276
28,634,634,418,626,428,28
29,29,29,3,294,726,236
29,29,29,294,1171,3,726
30,30,30,993,804,75,824
30,30,30,297,811,391,270
31,31,31,472,86,397,359
31,31,31,359,214,397,33
32,32,32,472,1119,214,956
32,32,32,472,1119,214,420
33,33,33,496,585,1119,214
33,33,33,496,1085,719,956
34,34,34,167,200,69,470
34,34,34,491,300,211,894
35,35,35,893,573,1071,441
35,35,35,893,1071,441,573
36,36,36,1144,971,1165,131
36,36,36,1165,971,524,1144
37,37,37,301,1117,1122,149
37,37,37,1117,149,301,517
38,38,38,876,330,18,398
38,38,38,967,876,717,457
39,1065,1065,39,1128,1058,1
39,39,39,953,1058,253,950
40,40,40,56,481,799,701
40,481,481,40,1087,799,701
41,41,41,49,280,108,313
41,41,41,49,108,1100,280
42,42,42,1169,753,1090,350
42,42,42,256,753,350,586
43,43,43,177,842,246,831
43,43,43,1154,842,831,996
44,44,44,129,725,1132,639
44,44,44,129,706,643,260
45,45,45,593,769,611,430
45,45,45,769,430,593,753
46,46,46,579,498,108,1100
46,46,46,498,108,214,562
47,47,47,1111,798,551,398
47,47,47,798,551,1111,845
48,227,227,319,320,48,533
48,48,48,319,320,227,543
49,156,156,49,88,379,951
49,49,49,41,1170,217,193
50,50,50,110,373,176,70
50,692,692,873,50,686,110
51,51,51,894,211,901,200
51,51,51,485,894,211,200
52,52,52,497,226,763,507
52,52,52,497,226,763,921
53,53,53,981,1023,664,575
53,33,33,583,1171,783,209
54,54,54,100,446,328,153
54,54,54,100,446,153,851
55,1122,1122,1117,102,301,37
55,301,301,37,1122,1117,149
56,481,481,40,1087,799,701
56,481,481,701,40,1087,799
57,57,57,338,698,248,769
57,57,57,338,698,248,769
58,58,58,96,415,103,276
58,58,58,96,415,745,282
59,59,59,1034,792,672,183
59,59,59,672,183,1034,1063
60,677,677,388,880,60,522
60,60,60,757,916,680,243
61,61,61,376,256,430,753
61,1050,1050,508,330,61,993
62,725,725,639,713,147,643
62,1096,1096,62,639,82,725
63,63,63,842,302,924,1020
63,63,63,1098,811,1130,692
64,64,64,491,635,34,36
64,64,64,371,310,1027,991
65,65,65,961,669,306,233
65,65,65,711,850,961,354
66,66,66,190,65,744,272
66,66,66,261,273,446,669
67,67,67,193,315,1100,1115
67,67,67,1115,971,590,898
68,68,68,1079,421,166,732
68,68,68,1079,421,166,607
69,69,69,615,439,470,123
69,69,69,1053,615,1083,1086
70,515,515,70,898,572,1104
70,699,699,70,8,752,1136
71,71,71,272,383,916,492
71,71,71,160,272,492,1131
72,72,72,81,933,540,338
72,540,540,72,81,268,479
73,73,73,267,551,1055,867
73,73,73,267,867,366,1055
74,215,215,74,502,662,552
74,74,74,662,215,552,502
75,75,75,586,178,993,1093
75,978,978,75,586,430,184
76,76,76,413,933,1166,819
76,302,302,567,1130,79,878
77,77,77,847,923,304,411
77,77,77,847,304,923,411
78,78,78,180,1055,1076,593
78,78,78,1055,180,593,91
79,79,79,567,231,463,296
79,79,79,567,1130,296,231
80,80,80,102,55,869,245
80,80,80,301,52,102,226
81,81,81,72,347,1124,933
81,81,81,347,72,933,1124
82,82,82,629,749,1096,1098
82,82,82,928,293,1112,629
83,657,657,191,510,124,682
83,83,83,234,728,702,750
84,84,84,642,972,836,872
84,84,84,642,972,126,115
85,85,85,860,681,526,1067
85,85,85,860,1067,162,681
86,86,86,364,280,275,359
86,86,86,364,31,848,1070
87,87,87,24,949,361,1032
87,87,87,858,1153,949,1032
88,88,88,156,465,379,503
88,88,88,379,503,1057,465
89,89,89,452,103,771,182
89,89,89,103,452,860,182
90,516,516,440,964,90,823
90,90,90,266,422,254,516
91,91,91,867,1055,624,469
91,91,91,366,867,107,270
92,92,92,602,97,573,918
92,92,92,602,97,24,274
93,93,93,383,247,289,696
93,93,93,383,247,4,696
94,94,94,1153,400,1025,263
94,94,94,1153,558,704,674
95,95,95,1160,534,761,625
95,95,95,1160,534,761,625
96,96,96,58,133,302,280
96,96,96,302,58,386,282
97,97,97,341,364,231,280
97,97,97,895,24,1000,602
98,98,98,793,523,660,835
98,98,98,559,214,822,27
99,99,99,840,526,452,926
99,99,99,840,452,526,811
100,100,100,54,153,328,1103
100,100,100,54,328,153,851
101,701,701,481,101,40,1087
101,101,101,701,481,1087,40
102,429,429,1140,690,398,141
102,80,80,102,55,869,1122
103,103,103,370,89,452,771
103,103,103,370,89,452,444
104,104,104,195,174,679,232
104,104,104,174,9,195,339
105,105,105,1159,606,634,418
105,105,105,1159,606,822,1042
106,106,106,588,138,800,150
106,106,106,134,705,588,984
107,107,107,393,91,329,130
107,301,301,37,149,1117,1122
108,1127,1127,33,558,674,108
108,108,108,33,674,87,31
109,109,109,568,348,6,110
109,109,109,348,568,142,110
110,110,110,650,50,70,277
110,110,110,650,986,443,70
111,111,111,468,999,262,772
111,111,111,443,999,369,974
112,414,414,745,860,889,58
112,112,112,157,461,638,548
113,113,113,510,242,372,117
113,113,113,510,1021,372,605
114,1170,1170,114,925,479,768
114,114,114,834,128,286,936
115,115,115,683,542,364,839
115,115,115,19,379,683,279
116,116,116,671,339,641,756
116,116,116,562,1138,994,1110
117,1021,1021,659,649,595,265
117,838,838,407,117,137,649
118,128,128,118,392,834,936
118,118,118,128,942,834,224
119,119,119,502,311,1162,666
119,119,119,1162,311,884,502
120,120,120,1114,1032,1161,1082
120,120,120,1032,652,1114,1161
121,121,121,1080,868,1119,380
121,121,121,1080,868,1119,291
122,122,122,590,898,494,242
122,122,122,140,1133,590,1104
123,123,123,577,1166,784,303
123,123,123,577,1166,784,1026
124,124,124,318,1040,789,500
124,124,124,21,789,500,1129
125,125,125,148,254,891,1015
125,125,125,148,254,891,1015
126,224,224,286,128,126,597
126,79,79,567,1020,924,555
127,127,127,689,1172,1113,862
127,127,127,679,1046,298,689
128,128,128,392,1035,224,286
128,128,128,834,319,48,392
129,129,129,639,724,139,44
129,129,129,724,639,778,139
130,130,130,872,325,107,499
130,130,130,325,474,499,872
131,131,131,973,940,1162,574
131,961,961,306,595,669,65
132,132,132,970,902,542,1022
132,132,132,970,642,542,231
133,133,133,96,414,282,380
133,133,133,282,414,96,499
134,134,134,984,588,859,417
134,134,134,984,859,588,150
135,159,159,135,386,1004,920
135,135,135,1004,154,159,590
136,136,136,537,664,322,171
136,136,136,290,752,934,321
137,137,137,194,407,201,1030
137,137,137,407,194,838,1030
138,138,138,931,584,502,662
138,138,138,800,106,931,502
139,139,139,129,1079,724,639
139,139,139,129,639,719,62
140,140,140,1149,459,937,762
140,140,140,1149,937,459,737
141,1117,1117,1122,37,149,690
141,55,55,245,141,102,869
142,142,142,662,749,813,500
142,142,142,813,550,150,307
143,143,143,880,1134,394,659
143,143,143,659,1134,394,522
144,144,144,500,1105,179,277
144,144,144,401,832,64,1086
145,717,717,1090,617,947,228
145,103,103,89,370,771,620
146,146,146,295,909,939,620
146,146,146,909,939,295,170
147,147,147,1152,643,725,983
147,147,147,1152,19,513,279
148,148,148,254,891,125,766
148,148,148,891,125,254,766
149,37,37,301,149,1117,1122
149,37,37,1117,149,301,1122
150,150,150,805,813,832,1045
150,150,150,1045,832,362,859
151,151,151,804,495,648,325
151,249,249,367,467,807,151
152,152,152,1083,928,274,246
152,152,152,0,246,831,387
153,153,153,1031,384,100,994
153,153,153,100,851,54,1031
154,154,154,514,135,361,262
154,154,154,514,262,135,468
155,234,234,155,419,649,83
155,155,155,510,234,113,372
156,156,156,1057,279,88,503
156,156,156,49,279,379,88
157,157,157,792,637,720,412
157,157,157,982,792,646,308
158,158,158,552,221,931,454
158,158,158,552,454,502,221
159,159,159,1033,1004,135,257
159,159,159,1033,1145,920,257
160,160,160,259,482,520,988
160,160,160,71,1131,988,403
161,161,161,1093,178,435,860
161,161,161,1093,178,1078,950
162,162,162,287,20,681,228
162,988,988,287,581,444,795
163,163,163,259,238,397,637
163,163,163,259,397,238,1159
164,164,164,1158,342,756,761
164,818,818,164,439,999,111
165,165,165,556,327,1037,144
165,165,165,327,500,1037,556
166,166,166,373,1152,147,44
166,166,166,373,1152,44,147
167,167,167,580,434,1041,200
167,841,841,692,479,556,489
168,168,168,985,989,1047,826
168,989,989,168,1047,58,772
169,858,858,525,95,111,5
169,169,169,836,972,464,542
170,170,170,768,315,544,909
170,768,768,170,544,315,909
171,1158,1158,342,641,756,164
171,171,171,857,688,186,277
172,172,172,1032,112,902,302
172,172,172,1032,908,24,302
173,173,173,666,948,940,198
173,173,173,732,68,303,623
174,174,174,104,959,1046,994
174,174,174,959,1046,104,994
175,175,175,474,712,790,426
175,175,175,426,790,25,887
176,176,176,315,443,1142,57
176,176,176,315,443,218,347
177,177,177,858,470,996,975
177,177,177,1005,536,1025,858
178,1068,1068,740,1129,155,113
178,1143,1143,75,178,993,437
179,179,179,1105,654,958,177
179,179,179,177,1114,150,654
180,180,180,78,517,867,248
180,180,180,78,248,517,57
181,83,83,234,181,750,728
181,161,161,181,1093,234,998
182,89,89,452,771,103,182
182,89,89,103,771,182,452
183,672,672,183,412,781,792
183,672,672,183,412,781,792
184,184,184,713,228,717,617
184,184,184,713,228,617,725
185,759,759,460,4,903,202
185,557,557,696,185,4,12
186,186,186,1105,885,883,775
186,186,186,1105,885,624,854
187,187,187,1153,1171,294,236
187,187,187,1153,1171,726,294
188,188,188,693,653,354,305
188,693,693,188,653,354,305
189,189,189,765,588,1105,568
189,189,189,765,588,1105,174
190,190,190,66,744,272,1019
190,190,190,66,193,744,1134
191,191,191,113,155,314,682
191,191,191,682,758,113,314
192,872,872,192,843,10,365
192,192,192,872,10,365,145
193,193,193,1100,2,67,41
193,193,193,2,1100,305,880
194,289,289,976,225,564,721
194,194,194,1030,1007,137,317
195,195,195,9,420,174,879
195,195,195,9,104,879,723
196,253,253,380,953,1058,196
196,1016,1016,196,193,809,871
197,805,805,874,1167,652,197
197,197,197,874,584,1167,445
198,198,198,1126,662,215,1094
198,198,198,1094,749,106,666
199,199,199,774,205,1075,270
199,199,199,205,187,270,752
200,200,200,894,211,901,929
200,69,69,200,894,211,615
201,201,201,823,422,137,1157
201,201,201,137,823,1157,422
202,332,332,317,381,903,202
202,332,332,903,202,460,881
203,203,203,1107,431,188,606
203,203,203,1107,431,606,1002
204,204,204,621,273,458,1149
204,204,204,621,273,1149,966
205,205,205,699,765,861,588
205,205,205,222,803,752,743
206,206,206,88,115,1057,893
206,206,206,88,1057,115,631
207,207,207,250,112,754,1156
207,386,386,455,302,772,814
208,1083,1083,322,208,1062,506
208,208,208,874,918,1146,1083
209,209,209,618,781,726,156
209,209,209,618,294,406,489
210,210,210,555,644,1096,475
210,536,536,730,513,925,906
211,894,894,211,200,901,51
211,1056,1056,1002,606,647,599
212,469,469,908,794,1116,979
212,661,661,212,338,611,656
213,213,213,935,174,1110,400
213,213,213,1110,707,509,994
214,214,214,1138,498,397,33
214,214,214,397,956,32,498
215,502,502,215,552,74,158
215,215,215,502,948,198,800
216,638,638,1156,112,207,250
216,216,216,570,116,774,707
217,217,217,49,888,382,812
217,217,217,48,49,382,888
218,218,218,612,538,826,178
218,218,218,612,826,538,178
219,219,219,705,675,990,362
219,219,219,705,1014,990,24
220,220,220,1133,15,781,1121
220,220,220,1133,15,995,1066
221,221,221,778,931,138,210
221,221,221,778,931,158,237
222,222,222,803,496,498,674
222,222,222,496,558,774,33
223,223,223,453,391,716,930
223,223,223,453,930,462,1049
224,224,224,128,286,848,754
224,224,224,286,370,89,103
225,225,225,289,564,358,582
225,225,225,289,564,582,243
226,226,226,52,497,881,332
226,226,226,497,52,881,332
227,227,227,533,320,319,871
227,227,227,533,359,320,319
228,162,162,20,58,745,826
228,228,228,184,802,717,713
229,229,229,548,638,351,941
229,229,229,548,135,209,154
230,230,230,400,390,689,856
230,230,230,400,390,134,1095
231,231,231,567,79,364,619
231,231,231,567,79,364,463
232,232,232,793,660,835,384
232,232,232,3,1024,793,835
233,233,233,669,539,354,273
233,233,233,669,539,261,458
234,234,234,83,181,155,419
234,728,728,234,750,649,181
235,235,235,1099,480,962,335
235,480,480,335,790,278,25
236,1025,1025,43,177,94,236
236,236,236,704,1075,558,1127
237,237,237,842,363,1073,488
237,237,237,749,842,433,363
238,238,238,163,637,259,455
238,238,238,280,447,133,455
239,239,239,880,744,547,193
239,447,447,242,937,372,113
240,240,240,1136,939,755,1104
240,240,240,337,8,755,631
241,6,6,208,132,241,1054
241,475,475,730,241,864,424
242,242,242,1029,510,447,710
242,242,242,447,937,922,122
243,225,225,243,289,653,715
243,243,243,916,522,60,871
244,244,244,731,569,1172,948
244,244,244,263,731,569,1172
245,55,55,245,869,141,102
245,102,102,429,690,55,141
246,246,246,310,580,499,996
246,246,246,310,527,1130,1049
247,247,247,93,4,381,202
247,247,247,93,381,591,938
248,57,57,338,698,769,248
248,180,180,57,248,78,698
249,807,807,367,467,249,495
249,495,495,249,367,467,807
250,250,250,207,912,663,464
250,250,250,154,229,262,369
251,251,251,943,1101,449,1143
251,251,251,943,1101,449,740
252,342,342,1158,164,504,641
252,252,252,751,997,1006,1102
253,253,253,596,871,953,1058
253,253,253,596,871,953,1058
254,254,254,148,125,891,266
254,254,254,148,125,891,766
255,255,255,694,1167,675,1146
255,255,255,694,152,675,1167
256,256,256,42,586,798,61
256,256,256,42,586,753,978
257,159,159,1052,257,135,1033
257,257,257,514,673,1108,477
258,733,733,258,444,529,535
258,733,733,258,529,444,768
259,259,259,403,160,520,12
259,259,259,160,403,1072,163
260,572,572,1153,260,94,906
260,260,260,674,585,639,541
261,261,261,997,354,700,751
261,261,261,354,700,273,751
262,262,262,154,553,48,229
262,341,341,981,664,987,949
263,400,400,390,230,263,1086
263,263,263,417,244,883,1086
264,264,264,1040,283,646,746
264,264,264,1022,1032,742,1010
265,265,265,306,961,595,659
265,357,357,669,233,1069,1015
266,254,254,266,125,90,148
266,266,266,90,422,254,516
267,267,267,73,1055,867,551
267,267,267,1055,73,78,867
268,268,268,1037,540,373,1044
268,268,268,167,300,1165,566
269,269,269,1009,737,455,636
269,269,269,636,827,477,451
270,366,366,270,91,867,863
270,199,199,270,930,727,774
271,271,271,180,663,7,78
271,271,271,628,7,517,180
272,407,407,838,137,194,1030
272,289,289,272,715,71,383
273,621,621,273,204,458,919
273,273,273,458,621,919,766
274,274,274,629,5,438,642
274,274,274,629,152,5,296
275,275,275,353,86,337,1091
275,275,275,353,337,359,683
276,276,276,591,396,22,349
276,276,276,396,591,22,349
277,277,277,731,588,390,213
277,277,277,171,854,857,1017
278,480,480,278,335,25,790
278,335,335,25,278,790,480
279,279,279,1057,156,379,19
279,279,279,1057,503,1061,592
280,280,280,364,1139,41,359
280,280,280,1139,41,359,49
281,281,281,355,791,703,471
281,791,791,471,703,625,281
282,282,282,499,133,351,1130
282,282,282,58,96,133,351
283,283,283,1161,132,839,264
283,283,283,1161,958,545,839
284,284,284,528,1086,213,622
284,284,284,706,450,550,1086
285,285,285,679,857,982,1141
285,285,285,679,857,982,575
286,286,286,936,224,128,1001
286,286,286,936,224,49,41
287,287,287,162,581,325,816
287,287,287,816,581,325,681
288,288,288,795,349,444,276
288,288,288,795,349,444,892
289,289,289,225,715,272,243
289,225,225,289,564,243,715
290,290,290,883,189,1105,321
290,290,290,179,654,958,883
291,291,291,868,1008,1023,718
291,291,291,868,1023,1008,121
292,292,292,603,434,580,505
292,292,292,434,505,1049,603
293,293,293,1153,487,883,1100
293,487,487,439,654,767,293
294,294,294,450,1171,618,368
294,294,294,187,1171,618,368
295,295,295,1132,146,963,914
295,295,295,475,126,1020,231
296,296,296,541,951,405,35
296,296,296,631,405,473,1054
297,212,212,297,656,933,764
297,212,212,656,297,764,270
298,298,298,949,423,386,862
298,1127,1127,298,576,1119,558
299,299,299,138,800,454,584
299,299,299,800,138,454,502
300,300,300,991,1041,1108,841
300,300,300,34,1041,668,491
301,301,301,37,628,149,1117
301,301,301,37,149,1122,1117
302,302,302,878,1005,438,455
302,302,302,878,772,567,1005
303,303,303,1154,1166,984,26
303,303,303,1154,1166,984,1094
304,77,77,847,304,923,411
304,77,77,546,847,304,411
305,305,305,203,2,647,188
305,305,305,409,2,599,188
306,306,306,961,850,595,711
306,306,306,961,595,850,711
307,307,307,1141,895,859,327
307,307,307,1141,895,1150,1167
308,308,308,982,351,941,485
308,613,613,941,308,157,785
309,1008,1008,291,340,459,809
309,309,309,737,937,710,447
310,310,310,246,462,120,897
310,310,310,220,462,246,897
311,486,486,62,147,975,1079
311,311,311,119,1037,502,552
312,312,312,511,123,1026,784
312,828,828,454,312,800,1162
313,313,313,990,844,5,597
313,313,313,844,990,0,1072
314,314,314,892,155,394,191
314,834,834,135,974,981,114
315,315,315,67,170,544,224
315,315,315,170,224,67,353
316,316,316,594,180,517,336
316,900,900,408,1148,336,594
317,317,317,1007,332,1030,194
317,90,90,266,516,917,422
318,318,318,1040,614,570,1010
318,318,318,1040,614,570,124
319,319,319,320,227,48,543
319,320,320,319,227,543,48
320,320,320,227,319,533,543
320,320,320,319,227,543,48
321,321,321,883,562,263,986
321,321,321,883,562,356,846
322,322,322,545,87,453,1083
322,322,322,545,453,270,995
323,323,323,864,145,224,353
323,323,323,241,620,864,145
324,324,324,459,1149,204,697
324,966,966,324,697,1149,459
325,325,325,130,872,287,499
325,325,325,130,287,495,581
326,481,481,701,101,40,1087
326,546,546,326,77,1025,655
327,327,327,854,165,556,144
327,327,327,165,144,784,854
328,328,328,1102,371,997,100
328,328,328,1102,997,371,100
329,329,329,107,6,130,91
329,329,329,107,130,91,398
330,330,330,508,993,38,1050
330,256,256,61,330,42,23
331,331,331,491,292,505,34
331,331,331,434,979,167,896
332,332,332,317,381,1007,658
332,332,332,317,381,903,460
333,741,741,983,147,1073,333
333,333,333,536,177,654,858
334,334,334,769,1169,753,1092
334,334,334,769,1169,1044,753
335,480,480,335,278,25,790
335,335,335,480,790,25,278
336,594,594,336,600,1039,316
336,600,600,594,336,1039,1076
337,337,337,115,279,19,353
337,115,115,541,569,337,1100
338,338,338,57,72,769,698
338,57,57,698,248,338,180
339,339,339,935,641,504,496
339,339,339,641,104,1063,959
340,340,340,888,345,1082,5
340,340,340,888,343,862,345
341,341,341,949,86,987,904
341,341,341,949,86,987,386
342,342,342,641,1158,504,164
342,342,342,756,856,641,1158
343,343,343,710,1029,870,159
343,343,343,710,870,1029,340
344,344,344,576,323,735,405
344,344,344,59,1034,323,789
345,345,345,941,368,209,294
345,345,345,678,1082,1018,935
346,346,346,363,415,1134,670
346,346,346,433,415,363,1100
347,745,745,347,826,218,927
347,927,927,347,826,745,985
348,109,109,348,6,716,568
348,736,736,348,600,1048,1076
349,349,349,795,288,396,276
349,349,349,795,288,276,396
350,824,824,350,676,1067,733
350,350,350,824,538,804,892
351,351,351,548,157,494,282
351,351,351,548,494,157,282
352,352,352,866,916,596,367
352,352,352,866,916,436,596
353,353,353,951,1057,296,864
353,353,353,951,1057,275,286
354,354,354,261,188,693,700
354,354,354,261,700,653,65
355,201,201,1157,823,582,355
355,355,355,281,582,1157,358
356,356,356,18,796,378,427
356,356,356,18,222,796,774
357,357,357,1069,388,265,669
357,357,357,265,1069,1015,388
358,358,358,875,225,700,714
358,358,358,225,355,582,564
359,359,359,227,533,31,1139
359,359,359,31,956,214,397
360,360,360,461,404,485,112
360,360,360,404,461,112,905
361,361,361,87,572,949,908
361,361,361,806,908,154,543
362,362,362,832,453,991,624
362,362,362,832,453,150,991
363,363,363,346,415,1005,237
363,363,363,346,415,1005,433
364,364,364,280,1139,683,542
364,364,364,1139,280,683,542
365,10,10,192,365,843,145
365,365,365,530,370,402,10
366,366,366,270,91,867,107
366,366,366,270,867,91,563
367,367,367,807,467,249,374
367,249,249,367,467,807,495
368,368,368,345,618,294,879
368,368,368,345,450,104,857
369,443,443,369,974,118,13
369,974,974,369,443,889,13
370,103,103,370,1001,89,887
370,370,370,103,1001,555,542
371,371,371,793,328,835,1102
371,371,371,328,793,1102,835
372,510,510,372,113,1021,242
372,372,372,1021,155,425,394
373,373,373,166,50,1142,68
373,373,373,50,853,166,841
374,807,807,367,467,249,374
374,367,367,807,467,249,374
375,1140,1140,375,7,429,1143
375,885,885,78,180,517,611
376,376,376,986,61,18,73
376,376,376,986,61,18,568
377,534,534,1160,703,625,791
377,377,377,1109,714,875,1151
378,378,378,798,1168,753,430
378,378,378,1168,632,430,796
379,379,379,156,88,585,839
379,379,379,88,156,108,789
380,388,388,380,871,448,253
380,380,380,388,227,31,253
381,317,317,381,332,1007,658
381,381,381,317,332,490,247
382,382,382,406,674,217,489
382,382,382,618,879,94,689
383,522,522,916,60,596,871
383,383,383,93,289,71,916
384,384,384,1031,851,232,153
384,384,384,1031,851,153,959
385,385,385,747,565,27,1141
385,385,385,747,565,524,1095
386,386,386,548,282,302,152
386,386,386,987,741,983,920
387,387,387,831,461,755,525
387,387,387,755,650,1013,831
388,388,388,871,357,397,60
388,388,388,871,60,357,397
389,389,389,926,992,912,414
389,389,389,926,992,1055,414
390,390,390,588,579,731,400
390,390,390,400,588,705,579
391,391,391,905,952,6,735
391,391,391,905,952,6,223
392,392,392,374,910,936,1120
392,392,392,547,239,936,1059
393,563,563,955,878,619,366
393,297,297,210,270,1020,26
394,394,394,372,425,547,880
394,871,871,227,320,319,1128
395,1161,1161,474,831,463,395
395,395,395,474,814,1129,657
396,591,591,396,22,419,276
396,916,916,276,396,383,591
397,1128,1128,773,871,305,2
397,1128,1128,871,709,773,1058
398,47,47,330,7,1140,38
398,798,798,330,47,1140,398
399,399,399,957,8,568,334
399,399,399,957,8,568,765
400,400,400,263,390,94,1086
400,400,400,731,390,46,1086
401,401,401,463,849,322,958
401,401,401,322,527,958,849
402,402,402,601,1001,887,1120
402,402,402,601,512,1001,530
403,403,403,482,520,492,436
403,403,403,482,520,492,436
404,404,404,509,360,1156,995
404,404,404,360,1156,461,905
405,405,405,214,585,1121,108
405,405,405,214,1133,5,501
406,406,406,15,1133,220,553
406,406,406,15,1133,996,674
407,407,407,838,137,194,1030
407,407,407,838,137,194,1030
408,1076,1076,1048,600,736,764
408,600,600,594,1039,336,1076
409,409,409,1119,496,1137,531
409,409,409,899,1065,773,626
410,410,410,896,1033,493,268
410,410,410,81,343,1033,896
411,150,150,411,138,729,584
411,322,322,511,1003,570,527
412,412,412,792,183,672,781
412,412,412,792,183,672,781
413,413,413,933,76,212,863
413,413,413,76,1166,933,552
414,414,414,13,860,553,926
414,414,414,13,860,926,207
415,415,415,346,1019,363,670
415,415,415,346,363,670,1019
416,416,416,399,568,70,1104
416,761,761,95,416,1158,1160
417,417,417,263,584,588,244
417,417,417,263,244,883,588
418,418,418,634,428,1028,28
418,418,418,634,428,28,1056
419,419,419,83,276,591,396
419,419,419,591,276,396,916
420,420,420,977,835,776,1171
420,420,420,371,977,776,667
421,421,421,731,500,574,674
421,421,421,574,500,731,704
422,422,422,201,823,90,137
422,40,40,56,422,799,326
423,1026,1026,423,439,940,303
423,423,423,928,572,87,450
424,990,990,907,1124,424,62
424,424,424,944,87,911,404
425,425,425,143,659,372,239
425,425,425,372,1021,1069,239
426,817,817,25,962,335,278
426,335,335,480,25,817,790
427,427,427,796,628,7,304
427,427,427,6,796,391,329
428,428,428,418,875,634,354
428,428,428,418,634,875,626
429,375,375,1140,7,429,690
429,1140,1140,375,429,7,1143
430,430,430,978,75,993,915
430,430,430,978,304,375,1143
431,431,431,762,1107,203,1038
431,431,431,762,1107,1038,203
432,432,432,448,981,633,465
432,432,432,754,448,369,13
433,433,433,313,5,438,629
433,433,433,88,5,108,629
434,434,434,668,292,331,1018
434,434,434,292,668,29,897
435,435,435,770,1093,39,709
435,39,39,950,953,1,161
436,436,436,482,520,773,2
436,482,482,436,520,773,2
437,437,437,630,432,530,950
437,437,437,630,530,432,950
438,438,438,433,1005,5,363
438,438,438,1005,442,1000,433
439,1083,1083,615,69,858,525
439,439,439,818,164,699,783
440,137,137,201,1125,407,422
440,658,658,440,964,317,582
441,441,441,405,585,35,129
441,441,441,742,405,214,501
442,108,108,442,46,906,438
442,456,456,333,707,536,236
443,443,443,369,974,889,176
443,443,443,369,13,974,889
444,788,788,1123,535,1035,1142
444,288,288,444,733,795,258
445,445,445,627,568,833,521
445,445,445,197,775,584,568
446,446,446,1113,660,54,451
446,446,446,1113,660,54,100
447,459,459,737,447,324,937
447,357,357,829,1069,605,113
448,448,448,981,758,465,1077
448,448,448,465,981,1077,388
449,1101,1101,449,943,251,1143
449,449,449,1101,943,763,921
450,450,450,294,284,1108,618
450,450,450,368,1018,996,1108
451,451,451,697,966,660,446
451,451,451,697,660,966,637
452,452,452,103,955,89,952
452,452,452,103,89,955,952
453,453,453,223,362,832,549
453,453,453,362,1083,223,832
454,454,454,828,1162,299,800
454,454,454,312,307,859,565
455,455,455,1009,459,238,737
455,455,455,1005,1009,438,302
456,456,456,801,856,707,5
456,456,456,707,801,856,442
457,457,457,633,755,638,999
457,457,457,755,633,632,999
458,458,458,273,1006,751,621
458,458,458,273,1006,621,751
459,459,459,1149,966,324,204
459,966,966,697,1107,451,1149
460,460,460,759,903,202,4
460,460,460,759,903,202,4
461,461,461,111,360,112,999
461,461,461,525,111,772,810
462,462,462,865,310,932,708
462,462,462,310,865,175,708
463,463,463,1032,849,619,846
463,463,463,1032,846,231,619
464,205,205,464,752,553,222
464,464,464,1091,553,952,126
465,465,465,448,0,88,380
465,465,465,88,0,1070,206
466,466,466,1118,977,810,505
466,466,466,810,1118,977,638
467,374,374,495,467,249,807
467,807,807,367,467,249,374
468,387,387,831,461,650,755
468,468,468,387,262,154,818
469,624,624,932,684,688,404
469,469,469,1014,861,624,979
470,470,470,787,719,293,1112
470,470,470,1044,607,556,719
471,471,471,791,625,703,534
471,471,471,791,625,703,534
472,472,472,32,409,283,742
472,472,472,32,742,214,1022
473,473,473,441,585,472,1027
473,473,473,1027,405,441,129
474,474,474,1161,395,712,499
474,474,474,1161,395,207,364
475,475,475,337,296,934,1062
475,475,475,241,1020,210,1096
476,476,476,681,181,85,161
476,476,476,681,85,181,162
477,477,477,827,616,269,196
477,477,477,827,269,196,809
478,478,478,554,348,1163,736
478,554,554,478,764,1048,736
479,479,479,578,841,1170,114
479,479,479,578,841,1170,114
480,480,480,335,25,278,790
480,480,480,335,278,790,25
481,40,40,481,701,56,799
481,799,799,1087,40,481,56
482,436,436,482,520,2,773
482,482,482,436,520,2,773
483,483,483,718,781,1085,868
483,781,781,1085,483,214,1063
484,278,278,25,790,426,335
484,25,25,426,278,790,817
485,485,485,461,209,561,897
485,485,485,209,308,897,941
486,486,486,803,421,500,257
486,486,486,803,1154,179,500
487,487,487,654,958,1153,858
487,487,487,654,958,858,1153
488,488,488,1096,63,529,842
488,488,488,1096,842,237,749
489,489,489,382,618,294,996
489,489,489,382,996,406,618
490,490,490,381,317,715,728
490,988,988,160,1131,581,12
491,491,491,34,493,566,64
491,491,491,34,311,386,1135
492,492,492,601,916,71,383
492,680,680,492,757,60,1134
493,493,493,739,1052,331,491
493,493,493,1052,566,410,331
494,494,494,351,745,347,372
494,494,494,351,548,122,1029
495,249,249,495,367,807,467
495,249,249,495,367,807,467
496,496,496,31,553,1119,33
496,496,496,31,806,553,48
497,497,497,816,728,226,1101
497,497,497,816,728,750,226
498,498,498,956,222,33,46
498,498,498,46,956,32,683
499,499,499,474,282,133,771
499,499,499,282,474,771,276
500,500,500,574,144,421,179
500,500,500,486,749,144,639
501,501,501,977,776,822,98
501,501,501,830,1049,776,977
502,502,502,215,119,311,158
502,502,502,215,662,138,119
503,88,88,503,156,379,1057
503,88,88,503,1057,379,206
504,504,504,641,342,1158,164
504,308,308,504,157,485,982
505,505,505,624,977,684,466
505,505,505,977,120,995,501
506,506,506,6,391,463,297
506,506,506,463,6,391,952
507,507,507,763,825,938,921
507,763,763,507,825,921,52
508,508,508,804,1050,993,30
508,508,508,348,736,1067,821
509,509,509,404,360,890,911
509,509,509,566,442,1026,1165
510,510,510,372,113,1021,242
510,447,447,242,937,510,113
511,511,511,1012,705,312,784
511,511,511,705,134,565,1012
512,512,512,1100,541,680,882
512,512,512,899,680,773,601
513,513,513,19,925,337,147
513,513,513,644,19,788,1073
514,514,514,616,477,673,783
514,514,514,616,783,154,477
515,515,515,585,1104,1137,639
515,515,515,585,321,1115,674
516,516,516,657,1064,90,1034
516,516,516,90,657,266,1028
517,1076,1076,1048,600,736,764
517,517,517,316,1117,336,594
518,518,518,1054,424,907,241
518,518,518,1054,424,631,907
519,519,519,916,1065,576,1028
519,519,519,916,866,1134,243
520,520,520,571,482,436,403
520,520,520,482,571,436,2
521,521,521,833,820,627,1096
521,521,521,833,627,166,1142
522,522,522,916,659,383,419
522,522,522,659,243,916,272
523,523,523,1018,851,1046,897
523,523,523,678,29,3,935
524,524,524,747,36,1165,131
524,524,524,747,615,284,36
525,525,525,858,779,126,1083
525,525,525,858,126,779,1083
526,526,526,162,99,20,282
526,526,526,99,681,926,282
527,527,527,537,21,124,1014
527,527,527,537,1014,21,1054
528,528,528,704,284,997,252
528,528,528,997,1095,284,230
529,529,529,768,733,20,258
529,529,529,768,114,544,1047
530,530,530,796,617,10,717
530,530,530,617,365,717,402
531,531,531,1036,667,371,1103
531,531,531,1036,667,371,385
532,532,532,709,1058,39,323
532,532,532,709,39,557,323
533,533,533,227,359,320,882
533,533,533,227,320,359,882
534,534,534,625,703,471,791
534,534,534,625,1160,95,471
535,535,535,644,555,1123,955
535,535,535,444,555,733,258
536,536,536,333,177,629,730
536,536,536,333,707,177,442
537,537,537,264,742,876,208
537,537,537,264,934,1032,652
538,713,713,1169,42,1090,350
538,681,681,476,85,745,526
539,539,539,233,354,669,65
539,539,539,354,233,571,403
540,540,540,933,1044,334,478
540,338,338,540,769,57,334
541,541,541,296,951,260,1100
541,541,541,849,361,222,296
542,370,370,512,103,914,843
542,517,517,271,180,628,1117
543,543,543,319,320,802,1168
543,543,543,170,1168,184,802
544,544,544,597,315,768,170
544,544,544,768,985,725,713
545,545,545,879,908,1020,361
545,545,545,879,603,908,925
546,546,546,326,799,101,40
546,481,481,701,799,40,101
547,547,547,677,1059,239,880
547,547,547,239,677,1059,880
548,548,548,157,575,386,1068
548,548,548,386,282,229,157
549,549,549,453,578,1151,1081
549,549,549,453,578,1151,1081
550,550,550,732,293,645,417
550,550,550,417,813,293,244
551,551,551,798,47,73,845
551,551,551,798,256,42,47
552,552,552,158,74,502,215
552,552,552,158,74,215,662
553,553,553,1070,754,848,525
553,848,848,553,1035,19,224
554,1163,1163,23,256,1111,47
554,1163,1163,47,1111,23,600
555,555,555,644,535,210,1090
555,555,555,210,644,1020,808
556,556,556,165,996,1154,732
556,556,556,76,165,1166,896
557,557,557,696,185,12,838
557,557,557,696,185,12,4
558,558,558,1127,583,33,496
558,583,583,1103,783,793,1036
559,559,559,27,420,977,1042
559,559,559,1159,105,956,27
560,560,560,220,960,1104,15
560,560,560,727,33,801,1104
561,561,561,1118,776,801,995
561,561,561,810,466,504,485
562,562,562,958,777,108,904
562,562,562,958,777,116,321
563,1003,1003,563,861,952,506
563,563,563,1003,861,952,366
564,582,582,658,564,964,355
564,658,658,582,564,964,355
565,565,565,984,784,511,1150
565,565,565,511,385,1144,984
566,566,566,509,1165,723,748
566,566,566,857,854,635,509
567,567,567,878,313,79,990
567,567,567,79,231,878,952
568,568,568,445,189,399,584
568,568,568,6,445,109,399
569,569,569,244,849,260,46
569,569,569,260,244,645,263
570,570,570,318,216,987,1000
570,570,570,216,318,511,11
571,571,571,520,2,539,403
571,571,571,520,539,2,596
572,572,572,87,1062,361,1130
572,572,572,692,1062,87,70
573,573,573,92,874,84,619
573,573,573,35,92,874,18
574,574,574,973,131,704,579
574,574,574,131,973,707,704
575,575,575,981,664,657,548
575,575,575,981,664,657,285
576,576,576,956,1129,902,727
576,576,576,956,283,814,727
577,577,577,1135,123,884,1037
577,577,577,123,1126,215,1037
578,578,578,479,1170,985,1004
578,578,578,479,159,1004,1170
579,579,579,691,438,390,588
579,691,691,579,705,1010,565
580,580,580,991,1083,929,165
580,580,580,518,246,142,629
581,581,581,287,816,988,852
581,160,160,581,1131,988,696
582,225,225,976,564,582,626
582,658,658,582,564,964,355
583,583,583,783,187,558,774
583,583,583,783,558,1127,104
584,584,584,931,197,805,813
584,584,584,197,931,805,445
585,585,585,1115,405,515,674
585,585,585,515,1115,156,405
586,586,586,75,178,860,648
586,586,586,75,178,432,648
587,587,587,646,609,624,830
587,587,587,646,726,405,830
588,588,588,859,134,390,189
588,588,588,390,134,859,189
589,589,589,1030,1155,1007,1147
589,1030,1030,589,1007,194,317
590,709,709,532,435,39,1058
590,953,953,39,709,1058,532
591,591,591,396,938,247,349
591,396,396,591,247,276,383
592,592,592,503,1072,1057,642
592,592,592,1072,364,503,224
593,593,593,663,78,611,180
593,593,593,663,78,611,180
594,594,594,336,1039,408,900
594,594,594,1039,336,408,600
595,1069,1069,357,324,669,608
595,595,595,306,961,659,711
596,596,596,571,243,1125,871
596,596,596,871,253,571,243
597,461,461,999,597,818,633
597,597,597,224,951,1047,286
598,598,598,548,908,819,493
598,1125,1125,976,599,1064,440
599,599,599,1056,305,1159,626
599,599,599,1056,305,626,1159
600,600,600,594,1039,336,1163
600,1076,1076,600,1048,736,594
601,887,887,432,1001,402,601
601,601,601,887,1001,492,1120
602,602,602,92,97,536,569
602,602,602,92,97,918,274
603,603,603,390,579,442,1000
603,603,603,1012,292,688,277
604,604,604,853,1142,1035,811
604,604,604,1142,853,1035,391
605,605,605,758,113,829,923
605,605,605,758,113,829,923
606,606,606,1056,1002,105,1159
606,606,606,1056,599,1159,1060
607,607,607,719,1171,556,1104
607,607,607,719,556,1171,692
608,608,608,520,571,744,324
608,608,608,571,520,744,193
609,609,609,830,932,587,1066
609,609,609,932,587,684,979
610,610,610,1102,997,328,371
610,610,610,1102,997,762,431
611,611,611,769,45,334,212
611,611,611,593,769,661,78
612,612,612,218,826,892,1097
612,612,612,892,1097,288,218
613,613,613,785,3,1024,1008
613,613,613,785,291,1008,941
614,614,614,895,318,839,290
614,614,614,895,318,874,1150
615,615,615,69,524,1084,1171
615,615,615,8,69,439,470
616,616,616,31,812,525,341
616,616,616,514,217,382,812
617,617,617,530,717,228,184
617,617,617,184,713,717,1090
618,618,618,209,382,674,1133
618,618,618,209,368,674,1133
619,619,619,1032,463,219,1094
619,619,619,1032,219,463,24
620,620,620,947,145,146,544
620,146,146,620,151,909,295
621,273,273,458,621,204,1006
621,431,431,762,621,1107,204
622,704,704,622,707,574,673
622,622,622,421,173,68,500
623,623,623,94,1086,1153,400
623,623,623,1053,1086,704,94
624,624,624,684,505,688,469
624,624,624,684,505,393,587
625,968,968,1160,377,1151,1109
625,625,625,471,703,791,534
626,626,626,599,634,976,428
626,626,626,634,599,428,28
627,627,627,521,1136,833,699
627,627,627,1136,166,699,833
628,628,628,7,271,304,427
628,628,628,7,271,304,375
629,629,629,274,5,82,433
629,629,629,274,5,82,433
630,630,630,437,530,75,178
630,630,630,530,437,495,249
631,631,631,1054,839,592,527
631,631,631,246,1054,527,1049
632,632,632,633,443,378,457
632,632,632,633,378,416,457
633,632,632,633,650,443,457
633,633,633,755,457,632,648
634,634,634,418,626,28,428
634,634,634,418,626,28,428
635,635,635,64,1011,661,308
635,635,635,64,656,469,1011
636,636,636,1046,459,697,722
636,636,636,1046,459,722,809
637,637,637,822,792,1038,59
637,637,637,822,792,1042,1038
638,1156,1156,404,1064,559,1161
638,638,638,457,999,461,112
639,639,639,129,421,500,731
639,639,639,129,500,724,421
640,640,640,885,1066,375,672
640,640,640,885,1066,375,672
641,641,641,756,504,342,1158
641,641,641,756,504,1158,342
642,642,642,84,364,839,474
642,642,642,84,276,872,542
643,643,643,815,725,147,967
643,643,643,967,260,279,963
644,644,644,555,210,924,513
644,644,644,555,535,210,513
645,645,645,260,849,569,541
645,645,645,260,475,550,541
646,646,646,587,483,718,523
646,646,646,587,718,483,781
647,647,647,1002,1056,1107,606
647,647,647,1002,1107,606,1056
648,13,13,414,648,912,207
648,553,553,755,48,806,406
649,649,649,770,1021,419,435
649,649,649,1021,419,770,234
650,650,650,633,443,831,755
650,650,650,912,848,1013,13
651,651,651,1065,967,503,899
651,651,651,1065,967,503,643
652,652,652,393,805,398,665
652,652,652,393,805,107,1114
653,653,653,693,757,243,188
653,653,653,693,188,757,243
654,654,654,487,858,177,1153
654,654,654,487,958,177,858
655,43,43,655,62,142,421
655,177,177,655,43,536,333
656,656,656,1011,351,661,548
656,656,656,282,212,548,351
657,657,657,1129,575,516,682
657,657,657,682,1129,946,575
658,658,658,964,440,582,1007
658,658,658,582,964,564,440
659,659,659,595,1021,419,711
659,659,659,143,425,1021,744
660,660,660,793,232,451,835
660,660,660,451,793,232,384
661,1011,1011,661,656,819,611
661,661,661,1011,819,611,656
662,662,662,74,749,138,215
662,805,805,150,138,694,813
663,663,663,593,685,250,664
663,663,663,593,180,78,664
664,664,664,981,1116,794,1084
664,664,664,981,575,1066,663
665,665,665,918,14,652,1088
665,665,665,1054,918,1045,14
666,666,666,173,106,198,948
666,666,666,106,390,303,705
667,1036,1036,667,531,1103,371
667,667,667,1036,531,371,723
668,668,668,1041,434,300,331
668,579,579,1018,851,668,994
669,669,669,233,539,306,961
669,961,961,306,850,233,539
670,670,670,415,1019,346,363
670,1134,1134,670,394,67,866
671,671,671,709,756,1060,546
671,671,671,756,342,641,504
672,672,672,183,412,781,792
672,183,183,672,412,792,781
673,673,673,707,618,209,450
673,673,673,707,618,1108,450
674,674,674,260,558,147,94
674,674,674,260,585,156,147
675,675,675,219,705,313,832
675,675,675,219,705,832,255
676,676,676,855,808,1090,555
676,676,676,824,1090,42,855
677,677,677,547,388,1059,880
677,677,677,547,394,143,239
678,678,678,786,810,935,1018
678,678,678,935,776,785,3
679,679,679,285,104,857,879
679,679,679,104,879,285,1172
680,680,680,60,1134,757,492
680,680,680,871,60,227,1128
681,681,681,526,282,85,162
681,681,681,526,162,85,282
682,682,682,758,946,605,1051
682,682,682,758,191,946,657
683,683,683,904,846,46,498
683,683,683,904,846,1032,463
684,684,684,501,505,27,624
684,684,684,624,505,984,223
685,685,685,638,404,932,112
685,685,685,663,638,932,389
686,686,686,154,1137,1033,641
686,686,686,1137,797,154,489
687,687,687,820,716,6,210
687,687,687,820,475,837,1146
688,688,688,863,270,526,212
688,688,688,413,624,171,76
689,689,689,879,127,856,230
689,689,689,127,827,333,343
690,37,37,301,149,1117,690
690,301,301,37,149,1117,1122
691,691,691,614,1010,859,527
691,691,691,839,1010,21,283
692,692,692,572,1062,774,321
692,692,692,572,1062,654,556
693,446,446,647,261,305,1016
693,188,188,693,305,354,203
694,694,694,1167,1094,255,931
694,694,694,1167,255,931,1094
695,695,695,815,802,989,914
695,286,286,128,224,936,597
696,696,696,557,93,4,12
696,696,696,557,93,4,185
697,697,697,451,966,637,722
697,697,697,451,966,722,446
698,57,57,698,338,248,1076
698,698,698,57,338,764,554
699,699,699,1136,752,706,205
699,699,699,743,1136,205,752
700,700,700,714,875,354,1109
700,700,700,354,261,875,714
701,701,701,101,1087,481,40
701,701,701,481,1087,40,799
702,702,702,715,272,711,490
702,702,702,711,715,272,850
703,625,625,791,703,471,534
703,471,471,625,791,703,534
704,704,704,1053,1086,94,400
704,704,704,236,574,1053,707
705,705,705,832,675,219,588
705,705,705,832,219,362,134
706,706,706,699,439,615,164
706,706,706,439,615,719,699
707,707,707,456,731,216,213
707,707,707,731,456,574,704
708,38,38,708,18,146,876
708,708,708,295,1132,146,717
709,671,671,709,77,304,259
709,546,546,671,709,259,326
710,809,809,710,1016,636,343
710,710,710,1029,870,309,809
711,711,711,961,65,306,272
711,711,711,850,65,961,306
712,712,712,441,890,474,1161
712,712,712,441,1161,474,890
713,713,713,725,717,184,967
713,713,713,184,717,228,725
714,700,700,714,875,1109,1151
714,714,714,700,1109,875,377
715,272,272,702,715,407,137
715,289,289,715,225,272,243
716,716,716,820,14,687,518
716,716,716,6,986,965,833
717,717,717,695,151,909,713
717,717,717,713,967,1132,228
718,718,718,483,781,1085,868
718,718,718,483,868,781,1085
719,719,719,1083,830,1062,470
719,719,719,706,139,470,607
720,720,720,1046,636,1082,174
720,720,720,1046,1082,438,862
721,721,721,976,1157,658,440
721,721,721,976,1157,658,440
722,722,722,697,812,636,446
722,722,722,697,446,966,636
723,723,723,734,566,385,667
723,723,723,195,1103,116,528
724,724,724,129,588,445,584
724,724,724,445,129,197,588
725,725,725,44,544,184,643
725,725,725,544,44,184,147
726,726,726,830,1171,684,501
726,726,726,830,1171,587,684
727,727,727,560,576,958,283
727,727,727,264,560,958,576
728,728,728,750,490,83,938
728,657,657,682,1051,1129,917
729,729,729,577,705,1037,675
729,729,729,577,705,1037,884
730,1083,1083,719,525,858,439
730,730,730,536,906,631,1170
731,731,731,707,473,456,400
731,731,731,244,421,569,400
732,732,732,1154,303,550,645
732,732,732,1154,550,996,68
733,695,695,815,914,370,733
733,733,733,444,258,370,695
734,734,734,679,127,723,1095
734,734,734,679,131,723,994
735,525,525,858,1083,177,654
735,735,735,996,841,1130,337
736,348,348,736,600,1163,1048
736,1163,1163,348,245,1039,736
737,737,737,459,309,1149,140
737,737,737,459,1149,309,140
738,738,738,532,557,12,728
738,1069,1069,425,357,829,880
739,739,739,548,1052,493,870
739,739,739,493,870,1008,1029
740,740,740,770,649,435,251
740,770,770,740,435,649,917
741,741,741,983,1053,704,333
741,741,741,983,236,333,1073
742,742,742,264,1022,441,683
742,742,742,441,1022,472,1064
743,1003,1003,341,861,743,401
743,743,743,205,699,187,1153
744,744,744,143,66,539,1069
744,744,744,66,143,539,272
745,1123,1123,644,944,788,535
745,745,745,347,1067,85,58
746,746,746,380,751,981,465
746,746,746,756,671,342,641
747,747,747,385,565,1165,131
747,747,747,385,524,1165,973
748,748,748,950,1065,915,651
748,748,748,409,1065,1137,1093
749,749,749,62,629,1096,387
749,749,749,62,662,629,387
750,659,659,1021,419,234,649
750,728,728,750,83,938,490
751,751,751,1006,252,997,746
751,751,751,252,1006,997,458
752,752,752,205,222,199,1152
752,752,752,205,1152,743,154
753,753,753,430,378,334,443
753,753,753,334,430,769,378
754,754,754,250,1070,1091,848
754,754,754,250,848,1070,553
755,156,156,1057,755,88,503
755,755,755,387,650,1013,831
756,756,756,641,671,504,342
756,756,756,641,504,342,671
757,757,757,653,60,916,383
757,757,757,653,383,916,93
758,388,388,758,380,60,253
758,758,758,682,113,448,191
759,759,759,460,202,4,903
759,759,759,460,202,903,4
760,760,760,775,123,687,1135
760,760,760,1086,284,550,883
761,625,625,471,791,703,95
761,761,761,1158,791,471,625
762,431,431,762,1107,1028,621
762,762,762,431,610,1107,1102
763,763,763,507,825,52,881
763,763,763,507,825,52,921
764,764,764,1048,297,1076,212
764,338,338,57,554,698,478
765,765,765,189,957,399,205
765,765,765,205,189,213,1144
766,919,919,766,1028,125,273
766,919,919,766,273,1028,458
767,767,767,743,205,513,848
767,767,767,743,513,644,848
768,768,768,529,544,815,914
768,768,768,529,544,20,985
769,338,338,57,769,611,661
769,334,334,769,1044,1169,1136
770,770,770,435,740,185,917
770,770,770,435,740,185,557
771,771,771,499,133,756,89
771,771,771,499,133,89,756
772,96,96,386,58,282,302
772,772,772,788,1035,1047,567
773,773,773,1128,2,482,436
773,773,773,2,1128,436,482
774,774,774,356,986,897,222
774,774,774,216,199,356,222
775,199,199,734,205,579,775
775,775,775,1144,205,760,186
776,776,776,678,3,945,501
776,776,776,678,27,3,501
777,777,777,562,1086,958,400
777,777,777,562,958,1086,213
778,778,778,221,550,293,931
778,778,778,931,221,82,417
779,779,779,209,525,587,755
779,779,779,856,525,858,786
780,780,780,207,271,304,1155
780,207,207,474,852,259,133
781,781,781,1085,672,183,412
781,781,781,412,672,183,822
782,782,782,1063,873,822,1031
782,782,782,1063,873,822,1031
783,783,783,583,558,514,879
783,783,783,583,514,558,879
784,784,784,487,423,705,327
784,784,784,487,284,1026,760
785,785,785,613,3,1024,29
785,785,785,613,3,157,720
786,786,786,810,678,1095,935
786,786,786,1095,810,856,678
787,787,787,673,257,470,1164
787,787,787,154,257,470,514
788,788,788,1035,1123,844,907
788,224,224,788,286,128,19
789,789,789,1121,405,206,473
789,789,789,576,956,344,1121
790,335,335,790,480,25,278
790,77,77,304,546,847,411
791,471,471,625,791,703,534
791,471,471,625,791,703,534
792,792,792,1038,59,412,637
792,792,792,1038,412,59,637
793,793,793,660,835,371,232
793,793,793,232,660,371,835
794,794,794,1084,819,1092,51
794,794,794,1084,1116,51,957
795,349,349,795,288,396,276
795,492,492,1001,601,795,680
796,796,796,427,10,353,843
796,796,796,353,10,427,275
797,797,797,686,220,406,212
797,797,797,686,212,1018,176
798,798,798,676,821,855,551
798,798,798,821,855,551,676
799,40,40,481,799,1087,56
799,481,481,701,1087,40,799
800,666,666,884,198,800,1162
800,800,800,666,138,299,884
801,801,801,501,456,1032,742
801,801,801,5,559,890,995
802,802,802,695,170,171,543
802,802,802,695,541,543,969
803,803,803,1152,1105,486,19
803,803,803,1105,486,1152,19
804,804,804,151,717,30,713
804,804,804,151,713,717,184
805,805,805,813,652,584,588
805,805,805,813,652,1167,584
806,806,806,553,31,496,48
806,806,806,1091,553,465,664
807,367,367,249,807,467,374
807,807,807,367,467,249,374
808,808,808,676,855,798,821
808,808,808,855,555,676,1074
809,809,809,1016,922,710,242
809,1016,1016,1133,809,405,722
810,810,810,786,466,53,1066
810,810,810,786,466,941,53
811,811,811,30,567,297,840
811,811,811,567,475,210,323
812,722,722,812,298,636,697
812,812,812,1016,217,547,49
813,813,813,150,805,588,142
813,813,813,588,142,150,307
814,814,814,576,1042,395,1009
814,814,814,395,1042,474,291
815,815,815,914,963,695,643
815,834,834,815,914,114,925
816,988,988,852,287,581,1021
816,816,816,497,728,185,589
817,335,335,817,25,480,790
817,817,817,25,335,278,962
818,818,818,999,164,111,439
818,818,818,999,164,111,842
819,979,979,469,73,366,930
819,819,819,598,76,661,933
820,820,820,687,475,716,14
820,820,820,687,391,665,506
821,821,821,348,478,798,1163
821,821,821,913,808,798,1074
822,822,822,637,873,782,1042
822,822,822,637,782,1063,873
823,823,823,201,968,1157,761
823,823,823,201,1157,891,148
824,824,824,676,365,947,145
824,824,824,947,676,586,620
825,825,825,507,763,921,1120
825,825,825,507,22,396,763
826,612,612,234,826,155,892
826,826,826,927,347,985,745
827,827,827,477,196,269,616
827,827,827,196,477,269,446
828,828,828,1162,948,666,800
828,588,588,579,948,731,828
829,560,560,829,77,960,923
829,829,829,960,1069,324,357
830,830,830,684,726,505,1085
830,830,830,684,1049,726,501
831,831,831,21,1161,43,806
831,831,831,387,755,0,1013
832,832,832,362,1045,150,705
832,832,832,984,134,362,859
833,833,833,1142,241,716,913
833,833,833,166,521,6,1142
834,834,834,114,1059,1090,118
834,834,834,128,114,1059,319
835,835,835,1024,232,1063,793
835,835,835,793,371,232,1063
836,169,169,836,464,980,95
836,169,169,836,980,464,389
837,837,837,893,240,864,918
837,837,837,631,864,1054,730
838,407,407,838,137,194,1030
838,407,407,838,194,137,1030
839,839,839,742,1022,631,683
839,839,839,1161,283,683,642
840,930,930,506,952,485,391
840,840,840,99,452,955,845
841,841,841,853,772,975,1106
841,841,841,1164,424,944,509
842,842,842,818,525,43,858
842,842,842,644,237,488,705
843,843,843,872,192,10,175
843,843,843,872,192,10,175
844,844,844,280,1139,41,359
844,844,844,313,788,224,1035
845,845,845,14,798,1088,821
845,845,845,14,1088,821,798
846,846,846,904,683,24,275
846,846,846,904,683,1153,849
847,278,278,25,817,335,790
847,25,25,790,278,335,426
848,848,848,1013,13,754,912
848,848,848,1013,754,553,912
849,849,849,463,846,905,683
849,849,849,924,475,210,126
850,850,850,306,961,711,65
850,850,850,961,306,711,65
851,851,851,384,523,1031,835
851,851,851,384,1031,523,959
852,936,936,259,397,1070,392
852,852,852,581,1131,988,435
853,853,853,1106,1142,604,373
853,386,386,111,853,302,1145
854,854,854,747,277,327,565
854,854,854,277,857,1041,327
855,855,855,808,555,145,676
855,103,103,855,676,192,145
856,856,856,232,342,1095,195
856,856,856,232,1095,786,342
857,857,857,285,368,1041,991
857,857,857,935,171,277,285
858,858,858,87,525,24,1032
858,858,858,525,1083,1153,846
859,859,859,691,895,179,134
859,859,859,134,588,186,189
860,860,860,1067,586,85,89
860,133,133,499,282,96,58
861,861,861,1003,1014,537,563
861,1003,1003,861,563,602,92
862,862,862,886,5,345,438
862,862,862,127,298,886,689
863,863,863,1011,212,1002,661
863,863,863,1048,1011,764,1002
864,864,864,939,353,224,35
864,864,864,939,837,295,224
865,404,404,360,911,509,865
865,979,979,930,736,73,1048
866,352,352,866,988,71,581
866,425,425,372,1021,681,162
867,78,78,180,1055,867,7
867,78,78,1055,180,593,611
868,868,868,718,291,483,121
868,868,868,718,291,483,121
869,336,336,869,900,1039,1117
869,55,55,102,1122,869,1117
870,455,455,720,438,862,739
870,870,870,343,710,896,1029
871,388,388,2,571,871,359
871,871,871,388,60,448,193
872,207,207,329,642,91,499
872,872,872,175,130,192,843
873,873,873,782,822,1063,1042
873,873,873,782,822,835,1063
874,874,874,1146,197,895,24
874,874,874,1146,197,1167,24
875,875,875,714,377,700,358
875,233,233,539,875,714,700
876,876,876,38,1071,136,208
876,876,876,208,38,934,398
877,877,877,726,29,3,501
877,877,877,561,1049,3,776
878,878,878,302,567,924,772
878,878,878,990,955,302,567
879,879,879,545,618,1049,382
879,549,549,751,252,1006,1151
880,880,880,388,936,60,392
880,680,680,60,1134,880,193
881,881,881,202,903,4,497
881,881,881,202,4,903,226
882,533,533,882,1139,227,680
882,882,882,680,533,936,1059
883,883,883,321,290,136,263
883,883,883,321,290,263,417
884,884,884,106,123,784,666
884,312,312,884,784,123,1162
885,885,885,611,661,78,593
885,885,885,611,661,78,180
886,886,886,862,944,842,920
886,886,886,1154,944,1166,996
887,887,887,175,601,1001,807
887,887,887,601,1001,773,492
888,888,888,340,217,406,996
888,888,888,340,406,217,996
889,889,889,974,590,314,392
889,889,889,974,430,443,369
890,890,890,67,379,572,515
890,890,890,121,415,1119,31
891,891,891,148,254,125,823
891,891,891,148,254,125,823
892,392,392,1059,314,128,547
892,892,892,1097,612,1078,419
893,1071,1071,893,441,35,405
893,35,35,893,1071,296,206
894,894,894,211,200,901,929
894,894,894,200,211,901,929
895,895,895,614,97,874,1150
895,895,895,614,691,874,1150
896,896,896,870,1033,996,345
896,896,896,870,1033,996,345
897,897,897,1018,34,523,579
897,897,897,1018,523,34,406
898,1043,1043,898,193,67,969
898,898,898,1043,969,235,379
899,899,899,512,1065,409,802
899,899,899,512,409,1065,773
900,900,900,1148,1089,23,408
900,1117,1117,517,149,869,37
901,211,211,901,894,200,929
901,16,16,1035,910,48,319
902,902,902,132,96,949,945
902,902,902,132,21,949,283
903,460,460,903,759,202,4
903,903,903,332,460,317,759
904,904,904,683,846,341,958
904,904,904,846,683,341,849
905,905,905,849,391,79,924
905,905,905,391,1130,553,223
906,906,906,41,108,730,1100
906,906,906,41,108,730,1100
907,907,907,20,526,162,990
907,907,907,1123,20,241,1035
908,908,908,865,361,360,545
908,908,908,865,545,361,283
909,909,909,967,146,768,939
909,909,909,151,768,146,518
910,910,910,374,495,1120,249
910,910,910,16,39,923,953
911,911,911,578,841,572,999
911,911,911,404,999,360,111
912,912,912,13,414,250,848
912,912,912,207,13,250,848
913,913,913,833,1142,965,1169
913,913,913,1169,821,808,1074
914,914,914,815,963,695,126
914,914,914,126,815,963,513
915,915,915,978,427,640,950
915,915,915,978,427,950,986
916,916,916,383,243,522,71
916,916,916,71,352,866,492
917,917,917,1147,1155,117,589
917,917,917,761,1051,1158,164
918,918,918,665,92,573,602
918,918,918,665,573,92,939
919,919,919,766,1028,125,891
919,919,919,766,1028,273,125
920,920,920,236,704,1053,558
920,920,920,236,862,122,87
921,763,763,921,507,449,52
921,763,763,507,921,52,825
922,448,448,1042,922,814,291
922,922,922,937,121,1016,809
923,758,758,16,605,923,682
923,77,77,235,304,546,847
924,924,924,1130,79,631,849
924,924,924,567,79,952,939
925,925,925,513,1170,914,1020
925,925,925,513,1170,730,914
926,926,926,526,270,414,992
926,926,926,526,414,389,992
927,927,927,1059,347,547,826
927,927,927,826,985,347,168
928,928,928,423,784,1083,1114
928,928,928,1083,580,423,991
929,929,929,76,901,933,51
929,729,729,705,1105,165,186
930,930,930,26,506,21,223
930,930,930,26,506,1062,8
931,931,931,584,417,138,197
931,931,931,584,417,694,138
932,932,932,979,624,638,466
932,932,932,638,609,774,632
933,933,933,72,764,413,76
933,338,338,57,698,72,769
934,934,934,337,344,1062,323
934,934,934,1032,1161,1156,120
935,935,935,959,27,786,1095
935,935,935,786,959,1095,678
936,392,392,128,1059,16,834
936,936,936,1059,880,680,882
937,447,447,937,242,922,309
937,937,937,922,447,242,590
938,329,329,499,130,526,325
938,938,938,728,750,381,247
939,939,939,240,8,924,864
939,939,939,864,837,295,18
940,940,940,131,973,566,236
940,940,940,131,1144,1110,423
941,941,941,485,340,308,613
941,941,941,308,982,810,718
942,942,942,118,1090,353,617
942,942,942,1090,617,353,118
943,943,943,251,449,1101,740
943,943,943,251,1101,449,1143
944,944,944,424,841,1096,842
944,223,223,424,87,944,453
945,945,945,466,982,575,285
945,945,945,776,501,902,646
946,946,946,682,191,998,369
946,946,946,191,974,682,1068
947,947,947,620,695,444,151
947,947,947,620,444,733,544
948,948,948,731,244,421,46
948,244,244,948,622,731,1167
949,949,949,341,86,280,346
949,949,949,341,280,1003,902
950,950,950,1065,1,39,437
950,950,950,39,1,648,1065
951,951,951,802,170,543,597
951,951,951,296,541,88,156
952,952,952,391,878,567,563
952,952,952,567,924,391,366
953,953,953,380,1058,253,39
953,343,343,953,196,122,827
954,318,318,1040,570,954,987
954,954,954,1000,623,1053,987
955,955,955,535,952,644,452
955,955,955,452,0,952,878
956,956,956,576,498,46,214
956,32,32,956,214,1119,33
957,69,69,957,615,399,1044
957,957,957,399,765,189,416
958,1010,1010,801,765,958,727
958,958,958,654,487,987,1000
959,959,959,549,1075,384,342
959,959,959,935,857,384,851
960,960,960,829,682,605,1034
960,960,960,829,682,560,605
961,306,306,961,595,850,711
961,961,961,306,850,711,595
962,962,962,235,1099,335,546
962,25,25,817,790,426,278
963,951,951,730,295,963,279
963,963,963,730,279,914,1132
964,658,658,582,964,564,440
964,658,658,964,582,440,564
965,965,965,478,913,554,833
965,965,965,478,554,913,716
966,966,966,697,451,1107,1149
966,966,966,697,1107,451,1149
967,967,967,184,713,651,909
967,967,967,1130,79,1062,924
968,968,968,823,377,1109,1151
968,823,823,968,377,1157,1081
969,969,969,1043,802,597,467
969,969,969,88,503,379,1043
970,970,970,1022,592,474,742
970,970,970,364,132,542,902
971,971,971,17,1028,36,1115
971,36,36,1041,971,668,1165
972,972,972,836,169,84,274
972,972,972,84,642,836,872
973,973,973,153,1103,131,940
973,973,973,131,153,1103,230
974,974,974,369,13,889,443
974,974,974,369,889,314,13
975,975,975,841,944,853,1096
975,975,975,1096,749,1170,1073
976,976,976,721,626,1157,599
976,976,976,721,1157,428,626
977,977,977,420,505,718,559
977,977,977,195,675,991,877
978,978,978,430,993,797,698
978,978,978,430,992,915,389
979,979,979,684,624,609,932
979,979,979,932,930,684,624
980,980,980,742,1064,472,32
980,980,980,464,472,207,742
981,981,981,575,664,53,262
981,53,53,981,786,856,525
982,982,982,672,308,157,183
982,308,308,982,1118,345,368
983,983,983,741,147,477,1053
983,983,983,741,147,1016,477
984,984,984,134,705,106,362
984,984,984,134,705,832,362
985,1047,1047,985,989,168,597
985,985,985,168,826,989,218
986,986,986,687,427,760,568
986,986,986,687,563,1003,6
987,987,987,1000,954,341,24
987,987,987,904,954,1000,341
988,988,988,160,1131,581,71
988,988,988,160,581,1131,287
989,989,989,168,985,1047,374
989,989,989,168,1047,985,374
990,990,990,878,313,1124,302
990,990,990,386,302,219,1124
991,991,991,362,1041,832,453
991,527,527,991,362,691,537
992,992,992,344,526,926,99
992,992,992,526,344,926,934
993,993,993,75,538,1143,998
993,993,993,75,538,1143,998
994,994,994,1110,174,559,116
994,994,994,1110,559,32,174
995,995,995,505,664,908,466
995,995,995,505,664,1049,818
996,996,996,618,489,450,294
996,996,996,450,618,294,732
997,997,997,1102,252,328,610
997,997,997,1102,328,610,252
998,325,325,287,860,1093,1067
998,612,612,892,1097,1078,350
999,831,831,387,461,755,633
999,111,111,999,772,386,302
1000,1000,1000,1005,862,46,438
1000,1000,1000,954,24,987,602
1001,601,601,1001,887,402,1120
1001,1001,1001,601,887,402,492
1002,647,647,1002,1107,606,203
1002,755,755,974,889,48,443
1003,1003,1003,861,563,986,445
1003,1003,1003,861,563,986,445
1004,1004,1004,135,159,578,772
1004,1004,1004,135,772,159,578
1005,24,24,949,361,302,908
1005,1005,1005,46,108,363,433
1006,1006,1006,252,751,458,997
1006,1006,1006,751,458,252,273
1007,1007,1007,658,317,1030,440
1007,658,658,1007,440,964,1030
1008,1008,1008,291,613,1034,868
1008,1008,1008,1034,291,613,575
1009,242,242,510,113,595,155
1009,242,242,510,113,595,447
1010,1010,1010,1144,565,854,511
1010,1010,1010,614,859,1105,705
1011,1011,1011,661,656,819,78
1011,1011,1011,661,611,78,819
1012,1012,1012,511,805,624,1114
1012,1012,1012,511,1111,691,312
1013,525,525,152,461,561,0
1013,1013,1013,1054,837,755,8
1014,1014,1014,469,952,21,645
1014,1014,1014,152,688,527,469
1015,1028,1028,1015,919,766,17
1015,137,137,407,201,838,194
1016,1016,1016,809,710,66,190
1016,1016,1016,809,710,922,217
1017,1017,1017,1144,124,144,579
1017,1017,1017,1144,124,739,857
1018,1018,1018,897,523,450,292
1018,1018,1018,851,523,959,1046
1019,1019,1019,346,415,363,670
1019,305,305,46,1100,188,108
1020,1020,1020,475,925,914,545
1020,1020,1020,475,545,925,914
1021,1021,1021,852,659,649,1131
1021,1021,1021,649,372,659,425
1022,1022,1022,742,542,264,970
1022,1022,1022,542,742,970,712
1023,1023,1023,291,868,262,981
1023,1023,1023,291,981,575,1034
1024,1024,1024,1063,613,1008,1034
1024,1024,1024,1063,613,1008,1034
1025,1025,1025,19,94,987,958
1025,1025,1025,839,19,904,46
1026,1026,1026,423,509,858,545
1026,1026,1026,423,940,173,987
1027,1027,1027,587,977,64,473
1027,1027,1027,473,684,587,505
1028,1028,1028,919,766,431,418
1028,1028,1028,971,17,516,873
1029,1029,1029,870,710,739,455
1029,343,343,710,269,477,1029
1030,407,407,838,715,289,490
1030,1030,1030,1007,194,317,332
1031,384,384,1031,851,153,959
1031,384,384,1031,851,153,232
1032,1032,1032,21,157,902,112
1032,1032,1032,463,849,846,24
1033,1033,1033,122,159,686,494
1033,548,548,229,1052,386,896
1034,1034,1034,59,1008,1063,183
1034,1034,1034,59,1063,1008,183
1035,1035,1035,788,844,604,1061
1035,1035,1035,788,16,604,889
1036,667,667,1036,531,371,1103
1036,1036,1036,667,531,371,1103
1037,1037,1037,299,884,800,454
1037,119,119,1037,311,884,1162
1038,1038,1038,792,822,451,637
1038,1038,1038,792,431,1028,782
1039,336,336,1039,594,408,900
1039,1039,1039,336,594,408,1163
1040,1040,1040,318,741,954,570
1040,498,498,46,562,409,533
1041,1041,1041,991,1116,505,794
1041,1041,1041,991,505,928,668
1042,1042,1042,451,1107,637,966
1042,1042,1042,814,637,576,1009
1043,1043,1043,898,969,1,950
1043,1043,1043,898,969,193,608
1044,1044,1044,399,373,627,334
1044,470,470,615,1044,719,607
1045,1045,1045,134,150,859,588
1045,1045,1045,179,859,134,1105
1046,613,613,941,678,1046,1008
1046,1046,1046,523,174,720,636
1047,1047,1047,989,168,985,1061
1047,1047,1047,597,788,772,313
1048,1048,1048,736,1076,764,600
1048,1048,1048,1076,736,600,764
1049,1049,1049,830,246,995,781
1049,1049,1049,246,781,830,995
1050,508,508,1050,804,330,821
1050,508,508,1050,821,804,676
1051,1051,1051,207,250,917,682
1051,1051,1051,395,770,946,657
1052,1052,1052,493,739,548,598
1052,1052,1052,493,548,739,598
1053,1053,1053,777,1086,704,958
1053,1053,1053,954,741,623,704
1054,1054,1054,830,527,631,1013
1054,1054,1054,518,631,296,1013
1055,73,73,1055,267,979,932
1055,1055,1055,78,267,389,91
1056,1044,1044,975,470,615,521
1056,1056,1056,647,1002,599,606
1057,1057,1057,503,115,279,592
1057,1057,1057,88,503,279,951
1058,1058,1058,953,39,253,596
1058,196,196,827,1016,809,477
1059,86,86,359,275,882,533
1059,1059,1059,677,547,880,882
1060,1060,1060,546,326,606,1025
1060,1060,1060,546,326,481,799
1061,1061,1061,114,717,62,1047
1061,1061,1061,224,62,1057,387
1062,1062,1062,337,719,706,240
1062,1062,1062,572,719,692,8
1063,1063,1063,782,822,873,1085
1063,1063,1063,782,1024,822,637
1064,1064,1064,742,559,405,32
1064,1064,1064,441,516,1161,473
1065,1065,1065,651,1128,503,950
1065,1065,1065,651,899,1128,519
1066,1066,1066,220,1156,664,466
1066,1066,1066,1156,220,781,483
1067,1067,1067,860,350,824,288
1067,1067,1067,860,745,85,444
1068,1068,1068,494,740,155,191
1068,1068,1068,740,889,13,946
1069,1069,1069,357,324,447,744
1069,1069,1069,324,829,357,447
1070,1070,1070,754,553,31,16
1070,33,33,31,1119,32,496
1071,1071,1071,893,264,876,498
1071,1071,1071,893,35,498,956
1072,1072,1072,259,592,238,608
1072,163,163,259,412,397,781
1073,1073,1073,1170,177,343,975
1073,578,578,1170,479,1073,343
1074,1074,1074,808,708,295,1050
1074,1050,1050,508,1074,821,676
1075,1075,1075,232,776,1024,199
1075,1075,1075,232,199,384,776
1076,600,600,594,1076,1039,336
1076,241,241,716,735,223,8
1077,1077,1077,1116,854,664,1010
1077,1077,1077,746,1116,794,664
1078,367,367,374,249,495,467
1078,1078,1078,161,1093,998,591
1079,592,592,235,1065,1022,742
1079,300,300,142,421,119,550
1080,1080,1080,121,868,15,718
1080,1080,1080,420,451,32,660
1081,1081,1081,1151,1109,377,751
1081,1081,1081,1151,1109,968,377
1082,1082,1082,345,1118,246,720
1082,1082,1082,345,1118,1133,629
1083,1083,1083,858,525,536,654
1083,1083,1083,726,719,525,561
1084,1084,1084,794,774,664,819
1084,1084,1084,794,1066,360,69
1085,1085,1085,781,1063,835,483
1085,1085,1085,483,781,718,672
1086,1086,1086,400,401,777,1053
1086,1086,1086,1053,284,704,623
1087,40,40,56,799,481,1087
1087,701,701,481,1087,101,40
1088,1088,1088,939,14,864,808
1088,1088,1088,939,864,808,931
1089,1089,1089,1148,900,23,245
1089,1089,1089,1148,900,245,141
1090,1132,1132,295,617,717,1090
1090,1090,1090,942,118,676,855
1091,1091,1091,806,980,464,1064
1091,1091,1091,806,275,980,464
1092,1092,1092,540,36,1169,416
1092,1092,1092,540,598,416,819
1093,1093,1093,161,748,1078,950
1093,1093,1093,161,748,1022,1137
1094,1094,1094,694,198,984,303
1094,1094,1094,694,303,984,198
1095,1095,1095,856,786,385,935
1095,174,174,104,1095,994,856
1096,1123,1123,644,210,944,535
1096,488,488,1096,644,1123,237
1097,1097,1097,892,612,921,507
1097,1097,1097,612,892,234,1078
1098,1098,1098,63,488,1096,692
1098,1098,1098,63,82,488,1096
1099,480,480,335,278,790,25
1099,335,335,790,25,480,278
1100,49,49,41,1100,31,217
1100,1100,1100,108,41,49,1005
1101,770,770,740,435,251,1068
1101,1101,1101,943,251,449,1143
1102,1102,1102,997,328,610,873
1102,1102,1102,610,997,328,371
1103,1103,1103,1036,667,531,100
1103,1103,1103,153,973,793,1036
1104,1104,1104,515,208,70,560
1104,1104,1104,70,515,208,560
1105,1105,1105,186,859,883,179
1105,1105,1105,652,120,805,561
1106,1106,1106,853,1154,1141,486
1106,1106,1106,853,855,604,210
1107,431,431,1107,762,203,1002
1107,1107,1107,966,647,697,1149
1108,1108,1108,450,294,991,786
1108,566,566,734,723,127,679
1109,1081,1081,1151,1109,377,968
1109,1081,1081,1151,1109,377,968
1110,1110,1110,339,994,213,641
1110,1110,1110,339,994,641,104
1111,1111,1111,47,398,256,798
1111,47,47,1111,7,398,628
1112,457,457,1112,930,633,909
1112,933,933,212,413,764,863
1113,1113,1113,446,232,660,384
1113,1113,1113,446,660,232,116
1114,1114,1114,120,255,1161,274
1114,1114,1114,1086,400,958,562
1115,1115,1115,585,789,735,587
1115,1115,1115,585,735,31,217
1116,1116,1116,794,1084,1041,505
1116,1116,1116,794,1084,1041,1077
1117,301,301,37,149,1117,1122
1117,336,336,900,408,1039,316
1118,1118,1118,509,232,945,466
1118,1118,1118,509,104,368,232
1119,1119,1119,1080,121,558,1127
1119,1119,1119,576,1042,559,496
1120,374,374,807,1120,467,367
1120,601,601,1120,887,1001,402
1121,1121,1121,789,405,742,364
1121,1121,1121,789,405,364,742
1122,102,102,55,80,869,1122
1122,1122,1122,1117,102,37,301
1123,1123,1123,644,535,788,555
1123,111,111,1123,999,818,461
1124,1124,1124,990,81,347,870
1124,1124,1124,990,870,81,347
1125,1125,1125,1157,440,516,721
1125,1125,1125,440,516,1157,964
1126,1126,1126,1154,577,303,521
1126,1126,1126,198,1154,577,521
1127,1127,1127,558,674,94,382
1127,1127,1127,558,298,1119,33
1128,173,173,622,450,284,68
1128,773,773,1128,887,2,482
1129,1129,1129,657,124,789,395
1129,1129,1129,657,395,649,124
1130,1130,1130,572,79,924,43
1130,1130,1130,246,79,0,905
1131,852,852,1131,988,117,581
1131,1131,1131,160,988,581,71
1132,315,315,1152,279,925,864
1132,1132,1132,295,717,1090,713
1133,1133,1133,15,406,220,1080
1133,1133,1133,15,406,220,1080
1134,1134,1134,143,394,670,659
1134,1134,1134,757,680,670,60
1135,1135,1135,123,577,1166,760
1135,1135,1135,123,577,884,327
1136,1136,1136,1088,62,14,955
1136,837,837,1136,813,240,631
1137,1137,1137,748,585,686,915
1137,1137,1137,748,585,686,409
1138,1138,1138,33,116,420,558
1138,1138,1138,116,328,371,33
1139,1139,1139,2,482,436,280
1139,1139,1139,280,359,364,2
1140,375,375,1140,7,429,1143
1140,1140,1140,429,1143,330,993
1141,1141,1141,545,179,322,1150
1141,1141,1141,1106,179,307,760
1142,315,315,1142,241,864,833
1142,1142,1142,241,853,833,604
1143,1143,1143,1101,943,251,449
1143,1143,1143,1101,993,449,1140
1144,1144,1144,565,511,1010,854
1144,1144,1144,565,1010,854,511
1145,1145,1145,826,155,218,410
1145,1145,1145,95,534,159,1160
1146,1146,1146,874,652,573,92
1146,1146,1146,874,652,506,846
1147,738,738,1147,497,728,750
1147,557,557,816,185,696,770
1148,600,600,336,1039,594,408
1148,1148,1148,900,1089,23,245
1149,1149,1149,324,66,621,204
1149,1149,1149,966,204,459,621
1150,719,719,585,405,731,214
1150,1150,1150,895,97,24,614
1151,1081,1081,1151,1109,377,968
1151,1081,1081,1151,1109,377,968
1152,1152,1152,147,983,513,643
1152,1152,1152,147,19,803,279
1153,1153,1153,94,187,1100,87
1153,1153,1153,94,187,263,726
1154,732,732,1154,556,445,179
1154,1154,1154,556,732,179,165
1155,852,852,207,581,780,1155
1155,589,589,1155,780,1147,917
1156,1156,1156,1066,112,905,718
1156,1156,1156,1066,638,112,404
1157,1157,1157,582,355,281,564
1157,1157,1157,976,721,582,564
1158,1158,1158,164,342,641,756
1158,1158,1158,342,164,641,756
1159,1159,1159,105,473,559,163
1159,1159,1159,105,606,405,32
1160,751,751,1006,1081,1151,252
1160,1006,1006,751,1081,458,1151
1161,1161,1161,463,474,1032,120
1161,1161,1161,463,1032,474,283
1162,1162,1162,828,131,312,948
1162,948,948,828,1162,215,198
1163,23,23,1163,900,1148,408
1163,23,23,900,1148,1163,1089
1164,1164,1164,841,818,787,944
1164,1164,1164,841,787,944,578
1165,1165,1165,36,509,940,747
1165,1165,1165,36,747,509,566
1166,76,76,413,1166,933,212
1166,1166,1166,76,311,413,268
1167,1167,1167,694,255,307,931
1167,1167,1167,694,255,931,197
1168,831,831,461,650,1013,485
1168,1168,1168,831,1064,755,537
1169,334,334,769,1169,1044,373
1169,913,913,1169,42,821,1142
1170,353,353,925,170,543,924
1170,925,925,49,513,1170,924
1171,1171,1171,726,587,501,1027
1171,1171,1171,187,420,726,783
1172,1172,1172,1113,679,127,959
1172,1172,1172,174,1113,679,104
